1101,台泥,Listed
1102,亞泥,Listed
1103,嘉泥,Listed
1104,環泥,Listed
1108,幸福,Listed
1109,信大,Listed
1110,東泥,Listed
1201,味全,Listed
1203,味王,Listed
1210,大成,Listed
1213,大飲,Listed
1215,卜蜂,Listed
1216,統一,Listed
1217,愛之味,Listed
1218,泰山,Listed
1219,福壽,Listed
1220,台榮,Listed
1225,福懋油,Listed
1227,佳格,Listed
1229,聯華,Listed
1231,聯華食,Listed
1232,大統益,Listed
1233,天仁,Listed
1234,黑松,Listed
1235,興泰,Listed
1236,宏亞,Listed
1240,茂生農經,OTC
1256,鮮活果汁-KY,Listed
1259,安心,OTC
1260,富味鄉,Emerging
1264,德麥,OTC
1268,漢來美食,OTC
1269,乾杯,Emerging
1271,晨暉生技,Emerging
1293,利統,Emerging
1294,漢田生技,Emerging
1295,生合,Emerging
1301,台塑,Listed
1303,南亞,Listed
1304,台聚,Listed
1305,華夏,Listed
1307,三芳,Listed
1308,亞聚,Listed
1309,台達化,Listed
1310,台苯,Listed
1312,國喬,Listed
1313,聯成,Listed
1314,中石化,Listed
1315,達新,Listed
1316,上曜,Listed
1319,東陽,Listed
1321,大洋,Listed
1323,永裕,Listed
1324,地球,Listed
1325,恆大,Listed
1326,台化,Listed
1336,台翰,OTC
1337,再生-KY,Listed
1338,廣華-KY,Listed
1339,昭輝,Listed
1340,勝悅-KY,Listed
1341,富林-KY,Listed
1342,八貫,Listed
1343,旭東環保,Emerging
1402,遠東新,Listed
1409,新纖,Listed
1410,南染,Listed
1413,宏洲,Listed
1414,東和,Listed
1416,廣豐,Listed
1417,嘉裕,Listed
1418,東華,Listed
1419,新紡,Listed
1423,利華,Listed
1432,大魯閣,Listed
1434,福懋,Listed
1435,中福,Listed
1436,華友聯,Listed
1437,勤益控,Listed
1438,三地開發,Listed
1439,雋揚,Listed
1440,南紡,Listed
1441,大東,Listed
1442,名軒,Listed
1443,立益,Listed
1444,力麗,Listed
1445,大宇,Listed
1446,宏和,Listed
1447,力鵬,Listed
1449,佳和,Listed
1451,年興,Listed
1452,宏益,Listed
1453,大將,Listed
1454,台富,Listed
1455,集盛,Listed
1456,怡華,Listed
1457,宜進,Listed
1459,聯發,Listed
1460,宏遠,Listed
1463,強盛,Listed
1464,得力,Listed
1465,偉全,Listed
1466,聚隆,Listed
1467,南緯,Listed
1468,昶和,Listed
1470,大統新創,Listed
1471,首利,Listed
1472,三洋實業,Listed
1473,台南,Listed
1474,弘裕,Listed
1475,業旺,Listed
1476,儒鴻,Listed
1477,聚陽,Listed
1480,東盟開發,Emerging
1503,士電,Listed
1504,東元,Listed
1506,正道,Listed
1512,瑞利,Listed
1513,中興電,Listed
1514,亞力,Listed
1515,力山,Listed
1516,川飛,Listed
1517,利奇,Listed
1519,華城,Listed
1521,大億,Listed
1522,堤維西,Listed
1524,耿鼎,Listed
1525,江申,Listed
1526,日馳,Listed
1527,鑽全,Listed
1528,恩德,Listed
1529,樂事綠能,Listed
1530,亞崴,Listed
1531,高林股,Listed
1532,勤美,Listed
1533,車王電,Listed
1535,中宇,Listed
1536,和大,Listed
1537,廣隆,Listed
1538,正峰,Listed
1539,巨庭,Listed
1540,喬福,Listed
1541,錩泰,Listed
1558,伸興,Listed
1560,中砂,Listed
1563,巧新,Listed
1565,精華,OTC
1568,倉佑,Listed
1569,濱川,OTC
1570,力肯,OTC
1580,新麥,OTC
1582,信錦,Listed
1583,程泰,Listed
1584,精剛,OTC
1585,鎧鉅,Emerging
1586,和勤,OTC
1587,吉茂,Listed
1589,永冠-KY,Listed
1590,亞德客-KY,Listed
1591,駿吉-KY,OTC
1593,祺驊,OTC
1594,日高,Emerging
1595,川寶,OTC
1597,直得,Listed
1598,岱宇,Listed
1599,宏佳騰,OTC
1603,華電,Listed
1604,聲寶,Listed
1605,華新,Listed
1608,華榮,Listed
1609,大亞,Listed
1611,中電,Listed
1612,宏泰,Listed
1614,三洋電,Listed
1615,大山,Listed
1616,億泰,Listed
1617,榮星,Listed
1618,合機,Listed
1626,艾美特-KY,Listed
1701,中化,Listed
1702,南僑,Listed
1707,葡萄王,Listed
1708,東鹼,Listed
1709,和益,Listed
1710,東聯,Listed
1711,永光,Listed
1712,興農,Listed
1713,國化,Listed
1714,和桐,Listed
1717,長興,Listed
1718,中纖,Listed
1720,生達,Listed
1721,三晃,Listed
1722,台肥,Listed
1723,中碳,Listed
1725,元禎,Listed
1726,永記,Listed
1727,中華化,Listed
1730,花仙子,Listed
1731,美吾華,Listed
1732,毛寶,Listed
1733,五鼎,Listed
1734,杏輝,Listed
1735,日勝化,Listed
1736,喬山,Listed
1737,臺鹽,Listed
1742,台蠟,OTC
1752,南光,Listed
1760,寶齡富錦,Listed
1762,中化生,Listed
1773,勝一,Listed
1776,展宇,Listed
1777,生泰,OTC
1780,立弘,Emerging
1781,合世,OTC
1783,和康生,Listed
1784,訊聯,OTC
1785,光洋科,OTC
1786,科妍,Listed
1788,杏昌,OTC
1789,神隆,Listed
1795,美時,Listed
1796,金穎生技,OTC
1799,易威,OTC
1802,台玻,Listed
1805,寶徠,Listed
1806,冠軍,Listed
1808,潤隆,Listed
1809,中釉,Listed
1810,和成,Listed
1813,寶利徠,OTC
1815,富喬,OTC
1817,凱撒衛,Listed
1903,士紙,Listed
1904,正隆,Listed
1905,華紙,Listed
1906,寶隆,Listed
1907,永豐餘,Listed
1909,榮成,Listed
2002,中鋼,Listed
2006,東和鋼鐵,Listed
2007,燁興,Listed
2008,高興昌,Listed
2009,第一銅,Listed
2010,春源,Listed
2012,春雨,Listed
2013,中鋼構,Listed
2014,中鴻,Listed
2015,豐興,Listed
2017,官田鋼,Listed
2020,美亞,Listed
2022,聚亨,Listed
2023,燁輝,Listed
2024,志聯,Listed
2025,千興,Listed
2027,大成鋼,Listed
2028,威致,Listed
2029,盛餘,Listed
2030,彰源,Listed
2031,新光鋼,Listed
2032,新鋼,Listed
2033,佳大,Listed
2034,允強,Listed
2035,唐榮,OTC
2038,海光,Listed
2049,上銀,Listed
2059,川湖,Listed
2061,風青,OTC
2062,橋椿,Listed
2063,世鎧,OTC
2064,晉椿,OTC
2065,世豐,OTC
2066,世德,OTC
2067,嘉鋼,OTC
2069,運錩,Listed
2070,精湛,OTC
2071,震南鐵,Emerging
2072,世紀風電,Emerging
2073,雄順,OTC
2101,南港,Listed
2102,泰豐,Listed
2103,台橡,Listed
2104,國際中橡,Listed
2105,正新,Listed
2106,建大,Listed
2107,厚生,Listed
2108,南帝,Listed
2109,華豐,Listed
2114,鑫永銓,Listed
2115,六暉-KY,Listed
2201,裕隆,Listed
2204,中華,Listed
2206,三陽工業,Listed
2207,和泰車,Listed
2208,台船,Listed
2211,長榮鋼,Listed
2221,大甲,OTC
2227,裕日車,Listed
2228,劍麟,Listed
2230,泰茂,OTC
2231,為升,Listed
2233,宇隆,Listed
2235,謚源,OTC
2236,百達-KY,Listed
2237,華德動能,Emerging
2239,英利-KY,Listed
2241,艾姆勒,Listed
2243,宏旭-KY,Listed
2245,詠勝昌,Emerging
2247,汎德永業,Listed
2248,華勝-KY,Emerging
2249,湧盛,Emerging
2250,IKKA-KY,Listed
2252,為昇科,Emerging
2254,巨鎧精密-創,Listed
2255,凱銳光電,Emerging
2256,歐特明,Emerging
2258,鴻華先進-創,Listed
2300,非電指,None
2301,光寶科,Listed
2302,麗正,Listed
2303,聯電,Listed
2305,全友,Listed
2308,台達電,Listed
2312,金寶,Listed
2313,華通,Listed
2314,台揚,Listed
2316,楠梓電,Listed
2317,鴻海,Listed
2321,東訊,Listed
2323,中環,Listed
2324,仁寶,Listed
2327,國巨,Listed
2328,廣宇,Listed
2329,華泰,Listed
2330,台積電,Listed
2331,精英,Listed
2332,友訊,Listed
2337,旺宏,Listed
2338,光罩,Listed
2340,台亞,Listed
2342,茂矽,Listed
2344,華邦電,Listed
2345,智邦,Listed
2347,聯強,Listed
2348,海悅,Listed
2349,錸德,Listed
2351,順德,Listed
2352,佳世達,Listed
2353,宏碁,Listed
2354,鴻準,Listed
2355,敬鵬,Listed
2356,英業達,Listed
2357,華碩,Listed
2359,所羅門,Listed
2360,致茂,Listed
2362,藍天,Listed
2363,矽統,Listed
2364,倫飛,Listed
2365,昆盈,Listed
2367,燿華,Listed
2368,金像電,Listed
2369,菱生,Listed
2371,大同,Listed
2373,震旦行,Listed
2374,佳能,Listed
2375,凱美,Listed
2376,技嘉,Listed
2377,微星,Listed
2379,瑞昱,Listed
2380,虹光,Listed
2382,廣達,Listed
2383,台光電,Listed
2385,群光,Listed
2387,精元,Listed
2388,威盛,Listed
2390,云辰,Listed
2392,正崴,Listed
2393,億光,Listed
2395,研華,Listed
2397,友通,Listed
2399,映泰,Listed
2401,凌陽,Listed
2402,毅嘉,Listed
2404,漢唐,Listed
2405,輔信,Listed
2406,國碩,Listed
2408,南亞科,Listed
2409,友達,Listed
2412,中華電,Listed
2413,環科,Listed
2414,精技,Listed
2415,錩新,Listed
2417,圓剛,Listed
2419,仲琦,Listed
2420,新巨,Listed
2421,建準,Listed
2423,固緯,Listed
2424,隴華,Listed
2425,承啟,Listed
2426,鼎元,Listed
2427,三商電,Listed
2428,興勤,Listed
2429,銘旺科,Listed
2430,燦坤,Listed
2431,聯昌,Listed
2432,倚天酷碁-創,Listed
2433,互盛電,Listed
2434,統懋,Listed
2436,偉詮電,Listed
2438,翔耀,Listed
2439,美律,Listed
2440,太空梭,Listed
2441,超豐,Listed
2442,新美齊,Listed
2444,兆勁,Listed
2449,京元電子,Listed
2450,神腦,Listed
2451,創見,Listed
2453,凌群,Listed
2454,聯發科,Listed
2455,全新,Listed
2457,飛宏,Listed
2458,義隆,Listed
2459,敦吉,Listed
2460,建通,Listed
2461,光群雷,Listed
2462,良得電,Listed
2464,盟立,Listed
2465,麗臺,Listed
2466,冠西電,Listed
2467,志聖,Listed
2468,華經,Listed
2471,資通,Listed
2472,立隆電,Listed
2474,可成,Listed
2476,鉅祥,Listed
2477,美隆電,Listed
2478,大毅,Listed
2480,敦陽科,Listed
2481,強茂,Listed
2482,連宇,Listed
2483,百容,Listed
2484,希華,Listed
2485,兆赫,Listed
2486,一詮,Listed
2488,漢平,Listed
2489,瑞軒,Listed
2491,吉祥全,Listed
2492,華新科,Listed
2493,揚博,Listed
2495,普安,Listed
2496,卓越,Listed
2497,怡利電,Listed
2498,宏達電,Listed
2501,國建,Listed
2504,國產,Listed
2505,國揚,Listed
2506,太設,Listed
2509,全坤建,Listed
2511,太子,Listed
2514,龍邦,Listed
2515,中工,Listed
2516,新建,Listed
2520,冠德,Listed
2524,京城,Listed
2527,宏璟,Listed
2528,皇普,Listed
2530,華建,Listed
2534,宏盛,Listed
2535,達欣工,Listed
2536,宏普,Listed
2537,聯上發,Listed
2538,基泰,Listed
2539,櫻花建,Listed
2540,愛山林,Listed
2542,興富發,Listed
2543,皇昌,Listed
2545,皇翔,Listed
2546,根基,Listed
2547,日勝生,Listed
2548,華固,Listed
2596,綠意,OTC
2597,潤弘,Listed
2601,益航,Listed
2603,長榮,Listed
2605,新興,Listed
2606,裕民,Listed
2607,榮運,Listed
2608,嘉里大榮,Listed
2609,陽明,Listed
2610,華航,Listed
2611,志信,Listed
2612,中航,Listed
2613,中櫃,Listed
2614,東森,Listed
2615,萬海,Listed
2616,山隆,Listed
2617,台航,Listed
2618,長榮航,Listed
2630,亞航,Listed
2633,台灣高鐵,Listed
2634,漢翔,Listed
2636,台驊投控,Listed
2637,慧洋-KY,Listed
2640,大車隊,OTC
2641,正德,OTC
2642,宅配通,Listed
2643,捷迅,OTC
2644,中信造船,Emerging
2645,長榮航太,Listed
2646,星宇航空,Emerging
2701,萬企,Listed
2702,華園,Listed
2704,國賓,Listed
2705,六福,Listed
2706,第一店,Listed
2707,晶華,Listed
2712,遠雄來,Listed
2718,晶悅,OTC
2719,燦星旅,OTC
2722,夏都,Listed
2723,美食-KY,Listed
2724,藝舍-KY,OTC
2726,雅茗-KY,OTC
2727,王品,Listed
2729,瓦城,OTC
2731,雄獅,Listed
2732,六角,OTC
2733,維格餅家,Emerging
2734,易飛網,OTC
2736,富野,OTC
2739,寒舍,Listed
2740,天蔥,OTC
2741,老四川,Emerging
2743,山富,OTC
2745,五福,OTC
2748,雲品,Listed
2750,桃禧,Emerging
2751,王座,Emerging
2752,豆府,OTC
2753,八方雲集,Listed
2754,亞洲藏壽司,OTC
2755,揚秦,OTC
2756,聯發國際,OTC
2758,路易莎咖啡,Emerging
2760,巨宇翔,Emerging
2761,橘焱胡同,Emerging
2762,世界健身-KY,Listed
2801,彰銀,Listed
2809,京城銀,Listed
2812,台中銀,Listed
2816,旺旺保,Listed
2820,華票,Listed
2832,台產,Listed
2834,臺企銀,Listed
2836,高雄銀,Listed
2838,聯邦銀,Listed
2845,遠東銀,Listed
2849,安泰銀,Listed
2850,新產,Listed
2851,中再保,Listed
2852,第一保,Listed
2855,統一證,Listed
2867,三商壽,Listed
2880,華南金,Listed
2881,富邦金,Listed
2882,國泰金,Listed
2883,開發金,Listed
2884,玉山金,Listed
2885,元大金,Listed
2886,兆豐金,Listed
2887,台新金,Listed
2888,新光金,Listed
2889,國票金,Listed
2890,永豐金,Listed
2891,中信金,Listed
2892,第一金,Listed
2897,王道銀行,Listed
2901,欣欣,Listed
2903,遠百,Listed
2904,匯僑,Listed
2905,三商,Listed
2906,高林,Listed
2908,特力,Listed
2910,統領,Listed
2911,麗嬰房,Listed
2912,統一超,Listed
2913,農林,Listed
2915,潤泰全,Listed
2916,滿心,OTC
2923,鼎固-KY,Listed
2924,宏太-KY,OTC
2926,誠品生活,OTC
2929,淘帝-KY,Listed
2937,集雅社,OTC
2938,床的世界,Emerging
2939,凱羿-KY,Listed
2941,米斯特,OTC
2942,京站,Emerging
2945,三商家購,Listed
2947,振宇五金,OTC
2948,寶陞,OTC
2949,欣新網,OTC
3000,未金電,None
3002,歐格,Listed
3003,健和興,Listed
3004,豐達科,Listed
3005,神基,Listed
3006,晶豪科,Listed
3008,大立光,Listed
3010,華立,Listed
3011,今皓,Listed
3013,晟銘電,Listed
3014,聯陽,Listed
3015,全漢,Listed
3016,嘉晶,Listed
3017,奇鋐,Listed
3018,隆銘綠能,Listed
3019,亞光,Listed
3021,鴻名,Listed
3022,威強電,Listed
3023,信邦,Listed
3024,憶聲,Listed
3025,星通,Listed
3026,禾伸堂,Listed
3027,盛達,Listed
3028,增你強,Listed
3029,零壹,Listed
3030,德律,Listed
3031,佰鴻,Listed
3032,偉訓,Listed
3033,威健,Listed
3034,聯詠,Listed
3035,智原,Listed
3036,文曄,Listed
3037,欣興,Listed
3038,全台,Listed
3040,遠見,Listed
3041,揚智,Listed
3042,晶技,Listed
3043,科風,Listed
3044,健鼎,Listed
3045,台灣大,Listed
3046,建碁,Listed
3047,訊舟,Listed
3048,益登,Listed
3049,精金,Listed
3050,鈺德,Listed
3051,力特,Listed
3052,夆典,Listed
3054,立萬利,Listed
3055,蔚華科,Listed
3056,富華新,Listed
3057,喬鼎,Listed
3058,立德,Listed
3059,華晶科,Listed
3060,銘異,Listed
3062,建漢,Listed
3064,泰偉,OTC
3066,李洲,OTC
3067,全域,OTC
3071,協禧,OTC
3073,天方能源,OTC
3078,僑威,OTC
3081,聯亞,OTC
3083,網龍,OTC
3085,新零售,OTC
3086,華義,OTC
3088,艾訊,OTC
3090,日電貿,Listed
3092,鴻碩,Listed
3093,港建*,OTC
3094,聯傑,Listed
3095,及成,OTC
3097,拍檔,Emerging
3105,穩懋,OTC
3114,好德,OTC
3115,富榮綱,OTC
3117,年程,Emerging
3118,進階,OTC
3122,笙泉,OTC
3128,昇銳,OTC
3130,一零四,Listed
3131,弘塑,OTC
3135,凌航,Emerging
3138,耀登,Listed
3141,晶宏,OTC
3147,大綜,OTC
3149,正達,Listed
3150,鈺寶,Emerging
3152,璟德,OTC
3158,嘉實,Emerging
3162,精確,OTC
3163,波若威,OTC
3164,景岳,Listed
3167,大量,Listed
3168,眾福科,Listed
3169,亞信,OTC
3171,新洲,OTC
3176,基亞,OTC
3178,公準,OTC
3184,微邦,Emerging
3188,鑫龍騰,OTC
3189,景碩,Listed
3191,雲嘉南,OTC
3202,樺晟,OTC
3205,佰研,OTC
3206,志豐,OTC
3207,耀勝,OTC
3209,全科,Listed
3211,順達,OTC
3213,茂訊,OTC
3217,優群,OTC
3218,大學光,OTC
3219,倚強科,OTC
3221,台嘉碩,OTC
3224,三顧,OTC
3226,至寶電,OTC
3227,原相,OTC
3228,金麗科,OTC
3229,晟鈦,Listed
3230,錦明,OTC
3231,緯創,Listed
3232,昱捷,OTC
3234,光環,OTC
3236,千如,OTC
3252,海灣,OTC
3257,虹冠電,Listed
3259,鑫創,OTC
3260,威剛,OTC
3264,欣銓,OTC
3265,台星科,OTC
3266,昇陽,Listed
3268,海德威,OTC
3272,東碩,OTC
3276,宇環,OTC
3284,太普高,OTC
3285,微端,OTC
3287,廣寰科,OTC
3288,點晶,OTC
3289,宜特,OTC
3290,東浦,OTC
3293,鈊象,OTC
3294,英濟,OTC
3296,勝德,Listed
3297,杭特,OTC
3303,岱稜,OTC
3305,昇貿,Listed
3306,鼎天,OTC
3308,聯德,Listed
3310,佳穎,OTC
3311,閎暉,Listed
3312,弘憶股,Listed
3313,斐成,OTC
3317,尼克森,OTC
3321,同泰,Listed
3322,建舜電,OTC
3323,加百裕,OTC
3324,雙鴻,OTC
3325,旭品,OTC
3332,幸康,OTC
3338,泰碩,Listed
3339,泰谷,OTC
3346,麗清,Listed
3349,寶德,OTC
3354,律勝,OTC
3356,奇偶,Listed
3357,臺慶科,OTC
3360,尚立,OTC
3362,先進光,OTC
3363,上詮,OTC
3372,典範,OTC
3373,熱映,OTC
3374,精材,OTC
3376,新日興,Listed
3379,彬台,OTC
3380,明泰,Listed
3388,崇越電,OTC
3390,旭軟,OTC
3402,漢科,OTC
3406,玉晶光,Listed
3413,京鼎,Listed
3416,融程電,Listed
3419,譁裕,Listed
3426,台興,OTC
3430,奇鈦科,OTC
3432,台端,Listed
3434,哲固,OTC
3437,榮創,Listed
3438,類比科,OTC
3441,聯一光,OTC
3443,創意,Listed
3444,利機,OTC
3447,展達,Listed
3450,聯鈞,Listed
3454,晶睿,Listed
3455,由田,OTC
3465,進泰電子,OTC
3466,德晉,OTC
3467,台灣精材,Emerging
3479,安勤,OTC
3481,群創,Listed
3483,力致,OTC
3484,崧騰,OTC
3485,敘豐,Emerging
3489,森寶,OTC
3490,單井,OTC
3491,昇達科,OTC
3492,長盛,OTC
3494,誠研,Listed
3498,陽程,OTC
3499,環天科,OTC
3501,維熹,Listed
3504,揚明光,Listed
3508,位速,OTC
3511,矽瑪,OTC
3512,皇龍,OTC
3515,華擎,Listed
3516,亞帝歐,OTC
3518,柏騰,Listed
3520,華盈,OTC
3521,鴻翊,OTC
3522,御頂,OTC
3523,迎輝,OTC
3526,凡甲,OTC
3527,聚積,OTC
3528,安馳,Listed
3529,力旺,OTC
3530,晶相光,Listed
3531,先益,OTC
3532,台勝科,Listed
3533,嘉澤,Listed
3535,晶彩科,Listed
3537,堡達,OTC
3540,曜越,OTC
3541,西柏,OTC
3543,州巧,Listed
3545,敦泰,Listed
3546,宇峻,OTC
3548,兆利,OTC
3550,聯穎,Listed
3551,世禾,OTC
3552,同致,OTC
3555,博士旺,OTC
3556,禾瑞亞,OTC
3557,嘉威,Listed
3558,神準,OTC
3563,牧德,Listed
3564,其陽,OTC
3567,逸昌,OTC
3570,大塚,OTC
3576,聯合再生,Listed
3577,泓格,OTC
3580,友威科,OTC
3581,博磊,OTC
3583,辛耘,Listed
3585,聯致,Emerging
3587,閎康,OTC
3588,通嘉,Listed
3591,艾笛森,Listed
3592,瑞鼎,Listed
3593,力銘,Listed
3594,磐儀,OTC
3595,山太士,Emerging
3596,智易,Listed
3597,映興,OTC
3603,建祥國際,Emerging
3605,宏致,Listed
3607,谷崧,Listed
3609,三一東林,OTC
3611,鼎翰,OTC
3615,安可,OTC
3617,碩天,Listed
3622,洋華,Listed
3623,富晶通,OTC
3624,光頡,OTC
3625,西勝,OTC
3627,華信科,Emerging
3628,盈正,OTC
3629,地心引力,OTC
3630,新鉅科,OTC
3631,晟楠,OTC
3632,研勤,OTC
3633,云光,Emerging
3645,達邁,Listed
3646,艾恩特,OTC
3652,精聯,Listed
3653,健策,Listed
3659,百辰,Emerging
3661,世芯-KY,Listed
3663,鑫科,OTC
3664,安瑞-KY,OTC
3665,貿聯-KY,Listed
3666,光耀,OTC
3669,圓展,Listed
3672,康聯訊,OTC
3673,TPK-KY,Listed
3675,德微,OTC
3678,聯享,Emerging
3679,新至陞,Listed
3680,家登,OTC
3684,榮昌,OTC
3685,元創精密,OTC
3686,達能,Listed
3687,歐買尬,OTC
3689,湧德,OTC
3691,碩禾,OTC
3693,營邦,OTC
3694,海華,Listed
3701,大眾控,Listed
3702,大聯大,Listed
3703,欣陸,Listed
3704,合勤控,Listed
3705,永信,Listed
3706,神達,Listed
3707,漢磊,OTC
3708,上緯投控,Listed
3709,鑫聯大投控,OTC
3710,連展投控,OTC
3711,日月光投控,Listed
3712,永崴投控,Listed
3713,新晶投控,OTC
3714,富采,Listed
3715,定穎投控,Listed
4102,永日,OTC
4104,佳醫,Listed
4105,東洋,OTC
4106,雃博,Listed
4107,邦特,OTC
4108,懷特,Listed
4109,加捷生醫,OTC
4111,濟生,OTC
4113,聯上,OTC
4114,健喬,OTC
4115,善德生技,Emerging
4116,明基醫,OTC
4117,普生,Emerging
4119,旭富,Listed
4120,友華,OTC
4121,優盛,OTC
4123,晟德,OTC
4126,太醫,OTC
4127,天良,OTC
4128,中天,OTC
4129,聯合,OTC
4130,健亞,OTC
4131,浩泰,OTC
4132,國鼎,Emerging
4133,亞諾法,Listed
4137,麗豐-KY,Listed
4138,曜亞,OTC
4139,馬光-KY,OTC
4142,國光生,Listed
4147,中裕,OTC
4148,全宇生技-KY,Listed
4150,優你康,Emerging
4153,鈺緯,OTC
4154,樂威科-KY,OTC
4155,訊映,Listed
4157,太景*-KY,OTC
4160,訊聯基因,OTC
4161,聿新科,OTC
4162,智擎,OTC
4163,鐿鈦,OTC
4164,承業醫,Listed
4166,友霖,Emerging
4167,松瑞藥,OTC
4168,醣聯,OTC
4169,泰宗,Emerging
4170,鑫品生醫,Emerging
4171,瑞基,OTC
4172,因華,Emerging
4173,久裕,OTC
4174,浩鼎,OTC
4175,杏一,OTC
4183,福永生技,OTC
4186,尖端醫,Emerging
4188,安克,OTC
4190,佐登-KY,Listed
4192,杏國,OTC
4194,禾生技,Emerging
4195,基米,Emerging
4197,暐世,Emerging
4198,欣大健康,OTC
4205,中華食,OTC
4207,環泰,OTC
4303,信立,OTC
4304,勝昱,OTC
4305,世坤,OTC
4306,炎洲,Listed
4401,東隆興,OTC
4402,福大,OTC
4406,新昕纖,OTC
4413,飛寶企業,OTC
4414,如興,Listed
4416,三圓,OTC
4417,金洲,OTC
4419,元勝,OTC
4420,光明,OTC
4426,利勤,Listed
4430,耀億,OTC
4431,敏成健康,Emerging
4432,銘旺實,OTC
4433,興采,OTC
4438,廣越,Listed
4439,冠星-KY,Listed
4440,宜新實業,Listed
4441,振大環球,Emerging
4442,竣邦-KY,OTC
4502,健信,OTC
4503,金雨,OTC
4506,崇友,OTC
4510,高鋒,OTC
4513,福裕,OTC
4523,永彰,OTC
4526,東台,Listed
4527,方土霖,OTC
4528,江興鍛,OTC
4529,淳紳,OTC
4530,宏易,OTC
4532,瑞智,Listed
4533,協易機,OTC
4534,慶騰,OTC
4535,至興,OTC
4536,拓凱,Listed
4537,旭東,Emerging
4538,大詠城,OTC
4540,全球傳動,Listed
4541,晟田,OTC
4542,科嶠,OTC
4543,萬在,OTC
4544,春日,Emerging
4545,銘鈺,Listed
4546,長亨,Emerging
4549,桓達,OTC
4550,長佳,OTC
4551,智伸科,Listed
4552,力達-KY,Listed
4553,盛復,Emerging
4554,橙的,OTC
4555,氣立,Listed
4556,旭然,OTC
4557,永新-KY,Listed
4558,寶緯,OTC
4559,久裕興,Emerging
4560,強信-KY,Listed
4561,健椿,OTC
4562,穎漢,Listed
4563,百德,OTC
4564,元翎,Listed
4565,宏偉,Emerging
4566,時碩工業,Listed
4568,科際精密,OTC
4569,六方科-KY,Listed
4570,傑生,Emerging
4571,鈞興-KY,Listed
4572,駐龍,Listed
4573,高明鐵,Emerging
4575,銓寶,Emerging
4576,大銀微系統,Listed
4577,達航科技,OTC
4580,捷流閥業,OTC
4581,光隆精密-KY,Listed
4582,聚恆,Emerging
4583,台灣精銳,Listed
4584,君帆,OTC
4587,寶元數控,Emerging
4588,玖鼎電力,Listed
4589,碩陽電機,Emerging
4609,唐鋒,OTC
4702,中美實,OTC
4706,大恭,OTC
4707,磐亞,OTC
4711,永純,OTC
4714,永捷,OTC
4716,大立,OTC
4720,德淵,Listed
4721,美琪瑪,OTC
4722,國精化,Listed
4724,宣捷幹細胞,Emerging
4726,永昕,OTC
4728,雙美,OTC
4729,熒茂,OTC
4732,彥臣,Emerging
4735,豪展,OTC
4736,泰博,Listed
4737,華廣,Listed
4738,尚化,Emerging
4739,康普,Listed
4741,泓瀚,OTC
4743,合一,OTC
4744,皇將,OTC
4745,合富-KY,OTC
4746,台耀,Listed
4747,強生,OTC
4749,新應材,Emerging
4754,國碳科,OTC
4755,三福化,Listed
4760,勤凱,OTC
4763,材料-KY,Listed
4764,雙鍵,Listed
4765,磐采,Emerging
4766,南寶,Listed
4767,誠泰科技,OTC
4768,晶呈科技,OTC
4770,上品,Listed
4771,望隼,Listed
4772,台特化,Emerging
4773,高福,Emerging
4804,大略-KY,OTC
4806,昇華,OTC
4807,日成-KY,Listed
4903,聯光通,OTC
4904,遠傳,Listed
4905,台聯電,OTC
4906,正文,Listed
4907,富宇,OTC
4908,前鼎,OTC
4909,新復興,OTC
4911,德英,OTC
4912,聯德控股-KY,Listed
4915,致伸,Listed
4916,事欣科,Listed
4919,新唐,Listed
4923,力士,OTC
4924,欣厚-KY,OTC
4925,智微,Emerging
4927,泰鼎-KY,Listed
4930,燦星網,Listed
4931,新盛力,OTC
4933,友輝,OTC
4934,太極,Listed
4935,茂林-KY,Listed
4938,和碩,Listed
4939,亞電,OTC
4942,嘉彰,Listed
4943,康控-KY,Listed
4945,陞達科技,OTC
4946,辣椒,OTC
4949,有成精密,Listed
4951,精拓科,OTC
4952,凌通,Listed
4953,緯軟,OTC
4956,光鋐,Listed
4958,臻鼎-KY,Listed
4960,誠美材,Listed
4961,天鈺,Listed
4966,譜瑞-KY,OTC
4967,十銓,Listed
4968,立積,Listed
4971,IET-KY,OTC
4972,湯石照明,OTC
4973,廣穎,OTC
4974,亞泰,OTC
4976,佳凌,Listed
4977,眾達-KY,Listed
4979,華星光,OTC
4980,佐臻,Emerging
4987,科誠,OTC
4989,榮科,Listed
4991,環宇-KY,OTC
4994,傳奇,Listed
4995,晶達,OTC
4999,鑫禾,Listed
5007,三星,Listed
5009,榮剛,OTC
5011,久陽,OTC
5013,強新,OTC
5014,建錩,OTC
5015,華祺,OTC
5016,松和,OTC
5201,凱衛,OTC
5202,力新,OTC
5203,訊連,Listed
5205,中茂,OTC
5206,坤悅,OTC
5209,新鼎,OTC
5210,寶碩,OTC
5211,蒙恬,OTC
5212,凌網,OTC
5213,亞昕,OTC
5215,科嘉-KY,Listed
5220,萬達光電,OTC
5222,全訊,Listed
5223,安力-KY,OTC
5225,東科-KY,Listed
5227,立凱-KY,OTC
5228,鈺鎧,OTC
5230,雷笛克光學,OTC
5233,有量,Emerging
5234,達興材料,Listed
5236,凌陽創新,OTC
5240,建騰,Emerging
5243,乙盛-KY,Listed
5244,弘凱,Listed
5245,智晶,OTC
5246,勵威,Emerging
5248,景傳,Emerging
5251,天鉞電,OTC
5254,欣訊科技,Emerging
5258,虹堡,Listed
5262,立達,Emerging
5263,智崴,OTC
5267,龍翩,Emerging
5269,祥碩,Listed
5271,紘通,Emerging
5272,笙科,OTC
5274,信驊,OTC
5276,達輝-KY,OTC
5277,葳天,Emerging
5278,尚凡,OTC
5283,禾聯碩,Listed
5284,jpp-KY,Listed
5285,界霖,Listed
5287,數字,OTC
5288,豐祥-KY,Listed
5289,宜鼎,OTC
5291,邑昇,OTC
5292,華懋,Listed
5297,廣化,Emerging
5299,杰力,OTC
5301,寶得利,OTC
5302,太欣,OTC
5306,桂盟,Listed
5309,系統電,OTC
5310,天剛,OTC
5312,寶島科,OTC
5314,世紀,OTC
5315,光聯,OTC
5321,美而快,OTC
5324,士開,OTC
5328,華容,OTC
5340,建榮,OTC
5344,立衛,OTC
5345,天揚,OTC
5347,世界,OTC
5348,正能量智能,OTC
5351,鈺創,OTC
5353,台林,OTC
5355,佳總,OTC
5356,協益,OTC
5364,力麗店,OTC
5371,中光電,OTC
5381,合正,OTC
5383,金利,OTC
5386,青雲,OTC
5388,中磊,Listed
5392,能率,OTC
5398,慕康生醫,OTC
5403,中菲,OTC
5410,國眾,OTC
5425,台半,OTC
5426,振發,OTC
5432,新門,OTC
5434,崇越,Listed
5438,東友,OTC
5439,高技,OTC
5443,均豪,OTC
5450,南良,OTC
5452,佶優,OTC
5455,昇益,OTC
5457,宣德,OTC
5460,同協,OTC
5464,霖宏,OTC
5465,富驊,OTC
5468,凱鈺,OTC
5469,瀚宇博,Listed
5471,松翰,Listed
5474,聰泰,OTC
5475,德宏,OTC
5478,智冠,OTC
5481,新華,OTC
5483,中美晶,OTC
5484,慧友,Listed
5487,通泰,OTC
5488,松普,OTC
5489,彩富,OTC
5490,同亨,OTC
5493,三聯,OTC
5498,凱崴,OTC
5508,永信建,OTC
5511,德昌,OTC
5512,力麒,OTC
5514,三豐,OTC
5515,建國,Listed
5516,雙喜,OTC
5519,隆大,Listed
5520,力泰,OTC
5521,工信,Listed
5522,遠雄,Listed
5523,豐謙,OTC
5525,順天,Listed
5529,鉅陞,OTC
5530,龍巖,OTC
5531,鄉林,Listed
5533,皇鼎,Listed
5534,長虹,Listed
5536,聖暉*,OTC
5538,東明-KY,Listed
5543,桓鼎-KY,OTC
5546,永固-KY,Listed
5547,久舜,Emerging
5548,安倉,OTC
5601,台聯櫃,OTC
5603,陸海,OTC
5604,中連,OTC
5607,遠雄港,Listed
5608,四維航,Listed
5609,中菲行,OTC
5701,劍湖山,OTC
5703,亞都,OTC
5704,老爺知,OTC
5706,鳳凰,Listed
5859,遠壽,Emerging
5863,瑞興銀,Emerging
5864,致和證,OTC
5871,中租-KY,Listed
5876,上海商銀,Listed
5878,台名,OTC
5880,合庫金,Listed
5902,德記,OTC
5903,全家,OTC
5904,寶雅,OTC
5905,南仁湖,OTC
5906,台南-KY,Listed
5907,大洋-KY,Listed
6005,群益證,Listed
6015,宏遠證,OTC
6016,康和證,OTC
6020,大展證,OTC
6021,美好證,OTC
6023,元大期,OTC
6024,群益期,Listed
6026,福邦證,OTC
6027,德信,Emerging
6028,公勝保經,Emerging
6035,悠遊卡,Emerging
6101,寬魚國際,OTC
6103,合邦,OTC
6104,創惟,OTC
6108,競國,Listed
6109,亞元,OTC
6111,大宇資,OTC
6112,邁達特,Listed
6113,亞矽,OTC
6114,久威,OTC
6115,鎰勝,Listed
6116,彩晶,Listed
6117,迎廣,Listed
6118,建達,OTC
6120,達運,Listed
6121,新普,OTC
6122,擎邦,OTC
6123,上奇,OTC
6124,業強,OTC
6125,廣運,OTC
6126,信音,OTC
6127,九豪,OTC
6128,上福,Listed
6129,普誠,OTC
6130,上亞科技,OTC
6133,金橋,Listed
6134,萬旭,OTC
6136,富爾特,Listed
6138,茂達,OTC
6139,亞翔,Listed
6140,訊達,OTC
6141,柏承,Listed
6142,友勁,Listed
6143,振曜,OTC
6144,得利影,OTC
6146,耕興,OTC
6147,頎邦,OTC
6148,驊宏資,OTC
6150,撼訊,OTC
6151,晉倫,OTC
6152,百一,Listed
6153,嘉聯益,Listed
6154,順發,OTC
6155,鈞寶,Listed
6156,松上,OTC
6158,禾昌,OTC
6160,欣技,OTC
6161,捷波,OTC
6163,華電網,OTC
6164,華興,Listed
6165,浪凡,Listed
6166,凌華,Listed
6167,久正,OTC
6168,宏齊,Listed
6169,昱泉,OTC
6170,統振,OTC
6171,大城地產,OTC
6173,信昌電,OTC
6174,安碁,OTC
6175,立敦,OTC
6176,瑞儀,Listed
6177,達麗,Listed
6179,亞通,OTC
6180,橘子,OTC
6182,合晶,OTC
6183,關貿,Listed
6184,大豐電,Listed
6185,幃翔,OTC
6186,新潤,OTC
6187,萬潤,OTC
6188,廣明,OTC
6189,豐藝,Listed
6190,萬泰科,OTC
6191,精成科,Listed
6192,巨路,Listed
6194,育富,OTC
6195,詩肯,OTC
6196,帆宣,Listed
6197,佳必琪,Listed
6198,瑞築,OTC
6199,天品,OTC
6201,亞弘電,Listed
6202,盛群,Listed
6203,海韻電,OTC
6204,艾華,OTC
6205,詮欣,Listed
6206,飛捷,Listed
6207,雷科,OTC
6208,日揚,OTC
6209,今國光,Listed
6210,慶生,OTC
6212,理銘,OTC
6213,聯茂,Listed
6214,精誠,Listed
6215,和椿,Listed
6216,居易,Listed
6217,中探針,OTC
6218,豪勉,OTC
6219,富旺,OTC
6220,岳豐,OTC
6221,晉泰,OTC
6222,上揚,OTC
6223,旺矽,OTC
6224,聚鼎,Listed
6225,天瀚,Listed
6226,光鼎,Listed
6227,茂綸,OTC
6228,全譜,OTC
6229,研通,OTC
6230,尼得科超眾,Listed
6231,系微,OTC
6233,旺玖,OTC
6234,高僑,OTC
6235,華孚,Listed
6236,中湛,OTC
6237,驊訊,OTC
6239,力成,Listed
6240,松崗,OTC
6241,易通展,OTC
6242,立康,OTC
6243,迅杰,Listed
6244,茂迪,OTC
6245,立端,OTC
6246,臺龍,OTC
6248,沛波,OTC
6257,矽格,Listed
6259,百徽,OTC
6261,久元,OTC
6263,普萊德,OTC
6264,富裔,OTC
6265,方土昶,OTC
6266,泰詠,OTC
6269,台郡,Listed
6270,倍微,OTC
6271,同欣電,Listed
6272,驊陞,Emerging
6274,台燿,OTC
6275,元山,OTC
6276,安鈦克,OTC
6277,宏正,Listed
6278,台表科,Listed
6279,胡連,OTC
6281,全國電,Listed
6282,康舒,Listed
6283,淳安,Listed
6284,佳邦,OTC
6285,啟碁,Listed
6287,元隆,OTC
6288,聯嘉,Listed
6290,良維,OTC
6291,沛亨,OTC
6292,迅德,OTC
6294,智基,OTC
6403,群登,Emerging
6405,悅城,Listed
6407,相互,Emerging
6409,旭隼,Listed
6411,晶焱,OTC
6412,群電,Listed
6414,樺漢,Listed
6415,矽力*-KY,Listed
6416,瑞祺電通,Listed
6417,韋僑,OTC
6418,詠昇,OTC
6419,京晨科,OTC
6423,億而得,Emerging
6425,易發,OTC
6426,統新,Listed
6428,淘米,Emerging
6431,光麗-KY,Listed
6432,今展科,OTC
6434,達輝光電,Emerging
6435,大中,OTC
6438,迅得,Listed
6441,廣錠,OTC
6442,光聖,Listed
6443,元晶,Listed
6446,藥華藥,Listed
6449,鈺邦,Listed
6451,訊芯-KY,Listed
6456,GIS-KY,Listed
6457,紘康,OTC
6461,益得,OTC
6462,神盾,OTC
6464,台數科,Listed
6465,威潤,OTC
6469,大樹,OTC
6470,宇智,OTC
6472,保瑞,Listed
6473,美賣*,Emerging
6474,華豫寧,Emerging
6477,安集,Listed
6482,弘煜科,OTC
6483,原創生醫,Emerging
6485,點序,OTC
6486,互動,OTC
6488,環球晶,OTC
6491,晶碩,Listed
6492,生華科,OTC
6493,雷虎生,Emerging
6494,九齊,OTC
6495,納諾*-KY,Emerging
6496,科懋,OTC
6498,久禾光,Emerging
6499,益安,OTC
6504,南六,Listed
6505,台塑化,Listed
6506,雙邦,OTC
6508,惠光,OTC
6509,聚和,OTC
6510,精測,OTC
6512,啟發電,OTC
6514,芮特-KY,OTC
6515,穎崴,Listed
6516,勤崴國際,OTC
6517,保勝光學,OTC
6518,康科特,Emerging
6523,達爾膚,OTC
6525,捷敏-KY,Listed
6526,達發,Listed
6527,明達醫,OTC
6530,創威,OTC
6531,愛普*,Listed
6532,瑞耘,OTC
6533,晶心科,Listed
6534,正瀚-創,Listed
6535,順藥,OTC
6536,碩豐,Emerging
6538,倉和,OTC
6539,麗彤,Emerging
6541,泰福-KY,Listed
6542,隆中,OTC
6543,普惠醫工,Emerging
6546,正基,OTC
6547,高端疫苗,OTC
6548,長科*,OTC
6549,景凱,Emerging
6550,北極星藥業-KY,Listed
6552,易華電,Listed
6555,榮炭,Emerging
6556,勝品,OTC
6558,興能高,Listed
6559,研晶,Emerging
6560,欣普羅,OTC
6561,是方,OTC
6562,聯亞藥,Emerging
6564,安特羅,Emerging
6565,物聯,Emerging
6568,宏觀,OTC
6569,醫揚,OTC
6570,維田,OTC
6572,博錸,Emerging
6573,虹揚-KY,Listed
6574,霈方,OTC
6576,逸達,OTC
6577,勁豐,OTC
6578,達邦蛋白,OTC
6579,研揚,Listed
6580,台睿,Emerging
6581,鋼聯,Listed
6582,申豐,Listed
6583,友松,Emerging
6584,南俊國際,OTC
6585,鼎基,Listed
6586,醣基,Emerging
6588,東典光電,OTC
6589,台康生技,OTC
6590,普鴻,OTC
6591,動力-KY,Listed
6592,和潤企業,Listed
6593,台灣銘板,OTC
6595,光禹國際,Emerging
6596,寬宏藝術,OTC
6597,立誠,Emerging
6598,ABC-KY,Listed
6599,普達系統,Emerging
6603,富強鑫,OTC
6605,帝寶,Listed
6606,建德工業,Listed
6609,瀧澤科,OTC
6610,安成生技,Emerging
6612,奈米醫材,OTC
6613,朋億*,OTC
6615,慧智,OTC
6616,特昇-KY,OTC
6617,共信-KY,Emerging
6618,永虹先進,Emerging
6620,漢達,Emerging
6621,華宇藥,Emerging
6622,百聿數碼,Emerging
6624,萬年清,OTC
6625,必應,Listed
6626,唯數,Emerging
6629,泰金-KY,OTC
6634,欣耀,Emerging
6637,醫影,Emerging
6638,沅聖,Emerging
6639,源大環能,Emerging
6640,均華,OTC
6641,基士德-KY,Listed
6642,富致,OTC
6643,M31,OTC
6645,金萬林-創,Listed
6648,斯其大,Emerging
6649,台生材,OTC
6650,帝圖,Emerging
6651,全宇昕,OTC
6652,雅祥生醫,Emerging
6654,天正國際,OTC
6655,科定,Listed
6657,華安,Listed
6658,聯策,Listed
6661,威健生技,OTC
6662,樂斯科,OTC
6664,群翊,OTC
6665,康聯生醫,Emerging
6666,羅麗芬-KY,Listed
6667,信紘科,OTC
6668,中揚光,Listed
6669,緯穎,Listed
6670,復盛應用,Listed
6671,三能-KY,Listed
6672,騰輝電子-KY,Listed
6673,和詮,Emerging
6674,鋐寶科技,Listed
6676,祥翊,Emerging
6677,瑩碩生技,Emerging
6679,鈺太,OTC
6680,鑫創電子,OTC
6682,華旭矽材,Emerging
6683,雍智科技,OTC
6684,安格,OTC
6689,伊雲谷,Listed
6690,安碁資訊,OTC
6691,洋基工程,Listed
6692,進能服,OTC
6693,廣閎科,OTC
6695,芯鼎,Listed
6696,仁新,Emerging
6697,東捷資訊,OTC
6698,旭暉應材,Listed
6699,奇邑,Emerging
6703,軒郁,OTC
6704,國璽幹細胞,Emerging
6705,振躍精密,Emerging
6706,惠特,Listed
6707,富基電通,Emerging
6708,天擎,OTC
6709,昱厚生技,Emerging
6712,長聖,OTC
6715,嘉基,Listed
6716,應廣,OTC
6719,力智,Listed
6720,久昌,Emerging
6721,信實,OTC
6722,輝創,Emerging
6723,傑智環境,Emerging
6725,矽科宏晟,Emerging
6727,亞泰金屬,OTC
6728,上洋,OTC
6729,機光科技,Emerging
6730,常廣,Emerging
6732,昇佳電子,OTC
6733,博晟生醫,OTC
6734,安盛生,Emerging
6735,美達科技,OTC
6737,秀育,Emerging
6738,鼎恒,Emerging
6739,竹陞科技,Emerging
6741,91APP*-KY,OTC
6742,澤米,Listed
6743,安普新,Listed
6744,豐技生技,Emerging
6747,亨泰光,OTC
6748,亞果生醫,Emerging
6750,泰創工程,Emerging
6751,智聯服務,OTC
6752,叡揚,OTC
6753,龍德造船,Listed
6754,匯僑設計,Listed
6755,連鋐科技,Emerging
6756,威鋒電子,Listed
6757,台灣虎航-創,Listed
6758,冠亞,Emerging
6761,穩得,OTC
6762,達亞,OTC
6763,綠界科技,OTC
6764,亞洲教育,Emerging
6767,台微醫,OTC
6768,志強-KY,Listed
6770,力積電,Listed
6771,平和環保,Emerging
6775,穎台科技,Emerging
6776,展碁國際,Listed
6780,學習王,Emerging
6781,AES-KY,Listed
6782,視陽,Listed
6784,天凱科技,Emerging
6785,昱展新藥,OTC
6786,芯測,Emerging
6787,晶瑞光,Emerging
6788,華景電,OTC
6789,采鈺,Listed
6790,永豐實,Listed
6791,虎門科技,OTC
6792,詠業,Listed
6793,天力離岸,Emerging
6794,向榮生技,Emerging
6796,晉弘,Listed
6797,圓點奈米,Emerging
6798,展逸,Emerging
6799,來頡,Listed
6803,崑鼎,OTC
6804,明係,OTC
6805,富世達,Listed
6806,森崴能源,Listed
6807,峰源-KY,Listed
6808,三鼎生技,Emerging
6810,新穎生醫,Emerging
6811,宏碁資訊,OTC
6812,梭特,Emerging
6813,富動科,Emerging
6814,路迦生醫,Emerging
6815,晶鑽生醫,Emerging
6816,捷智商訊,Emerging
6817,溫士頓,Emerging
6818,連騰,Emerging
6819,眾智,Emerging
6820,連訊,Emerging
6821,聯寶,OTC
6823,濾能,OTC
6825,和暢科技,Emerging
6826,和淞,Emerging
6827,巨生醫,Emerging
6829,千附精密,OTC
6830,汎銓,Listed
6831,邁科,Emerging
6832,金鼎科,Emerging
6833,太康精密,Emerging
6834,天二科技,Listed
6835,圓裕,Listed
6838,台新藥,Emerging
6839,開陽能源,Emerging
6840,東研信超,OTC
6841,長佳智能,OTC
6842,一元素,Emerging
6843,進典,OTC
6844,諾貝兒,OTC
6846,綠茵,OTC
6847,普瑞博,Emerging
6848,拉法醫,Emerging
6850,光鼎生技,Emerging
6854,錼創科技-KY創,Listed
6855,數泓科,OTC
6856,鑫傳,OTC
6857,宏碁智醫,Emerging
6858,愛比科技,Emerging
6859,伯特光,OTC
6861,睿生光電,Listed
6863,永道-KY,Listed
6864,元樟生技,Emerging
6865,偉康科技,OTC
6867,坦德科技,Emerging
6868,采威國際,Emerging
6869,雲豹能源-創,Listed
6870,騰雲,OTC
6872,浩宇生醫,Emerging
6873,泓德能源-創,Listed
6874,倍力,OTC
6875,國邑*,OTC
6876,朗齊生醫*,Emerging
6877,鏵友益,OTC
6878,歐付寶,Emerging
6879,大江基因,Emerging
6881,潤德,Emerging
6882,甲尚,Emerging
6884,海柏特,Emerging
6885,全福生技,Emerging
6886,遠東生技,Emerging
6891,樂迦再生,Emerging
6892,台寶生醫,Emerging
6894,衛司特,OTC
6895,宏碩系統,OTC
6898,程曦資訊,Emerging
6899,創為精密,OTC
6901,鑽石投資,Listed
6902,走著瞧-創,Listed
6903,巨漢,Emerging
6904,伯鑫,OTC
6906,現觀科,Listed
6908,宏碁遊戲,Emerging
6909,創控,Emerging
6910,德鴻,Emerging
6911,群運,Emerging
6912,益鈞環科*,Emerging
6913,鴻呈,Emerging
6914,阜爾運通,Listed
6915,美強光,Emerging
6916,華凌,Listed
6917,竟天,Emerging
6918,愛派司,Emerging
6919,康霈*,Emerging
6920,恆勁科技,Emerging
6922,宸曜,OTC
6923,中台,Emerging
6925,意藍,Emerging
6926,聖安生醫,Emerging
6927,聯合聚晶,Emerging
6928,攸泰科技,Emerging
6929,佑全,OTC
6931,青松健康,Emerging
6932,水星生醫*,Emerging
6933,AMAX-KY,Listed
6935,王子製藥,Emerging
6936,永鴻生技,Emerging
6937,天虹,Listed
6938,藍新資訊,Emerging
6939,啟弘生技,Emerging
6940,格斯科技*,Emerging
6944,兆聯實業,Emerging
6945,圓祥生技,Emerging
6947,台鎔科技,Emerging
6949,沛爾生醫-創,Listed
6951,青新,Emerging
6952,大武山,Emerging
6953,家碩,OTC
6955,邦睿生技,Emerging
6958,日盛台駿,Emerging
6959,兆捷科技,Emerging
6961,旅天下,Emerging
6963,品元,Emerging
6967,汎瑋材料,Emerging
6968,萬達寵物,Emerging
6971,惠民實業,Emerging
6973,永立榮,Emerging
6976,育世博-KY,Emerging
6977,聯純,Emerging
6980,鐳洋科技,Emerging
6982,大井泵浦,Emerging
6983,華洋精機,Emerging
6984,交流資服,Emerging
6986,和迅,Emerging
6990,華鉬,Emerging
6994,富威電力,Emerging
6996,力領科技,Emerging
6997,博弘,Emerging
7402,邑錡,OTC
7419,達勝,Emerging
7427,華上生醫,Emerging
7443,凡事康,Emerging
7507,環拓科技,Emerging
7516,清淨海,Emerging
7530,鋒魁科技,Emerging
7547,碩網,Emerging
7551,知識科技,Emerging
7555,美萌,Emerging
7556,意德士,OTC
7558,群利,Emerging
7561,光晟生技,Emerging
7562,博來科技,Emerging
7566,亞果遊艇,Emerging
7575,安美得,Emerging
7578,利百景,Emerging
7583,國際海洋,Emerging
7584,樂意,Emerging
7590,怡和國際,Emerging
7595,世基生醫,Emerging
7607,通用幹細胞*,Emerging
7610,聯友金屬,Emerging
7631,聚賢研發,Emerging
7642,昶瑞機電,Emerging
7702,前端風電,Emerging
7703,銳澤,Emerging
7704,明遠精密,Emerging
7705,三商餐飲,Emerging
7706,宏碁創達,Emerging
7707,益芯科,Emerging
7708,全家餐飲,Emerging
7709,榮田,Emerging
7712,博盛半導體,Emerging
7713,威力德生醫,Emerging
7714,創泓科技,Emerging
7715,裕山,Emerging
7716,昱臺國際,Emerging
7718,友鋮,Emerging
7719,碳基,Emerging
7721,微程式,Emerging
7722,LINEPAY,Emerging
7723,築間,Emerging
7725,列特博,Emerging
7726,暄達,Emerging
7728,光焱科技,Emerging
7729,仲恩生醫,Emerging
7730,暉盛,Emerging
7731,火星生技*,Emerging
7732,金興精密,Emerging
7734,印能科技,Emerging
7736,虎山,Emerging
7743,金利食安,Emerging
8011,台通,Listed
8016,矽創,Listed
8021,尖點,Listed
8024,佑華,OTC
8027,鈦昇,OTC
8028,昇陽半導體,Listed
8032,光菱,OTC
8033,雷虎,Listed
8034,榮群,OTC
8038,長園科,OTC
8039,台虹,Listed
8040,九暘,OTC
8041,東元精電,Emerging
8042,金山電,OTC
8043,蜜望實,OTC
8044,網家,OTC
8045,達運光電,Emerging
8046,南電,Listed
8047,星雲,OTC
8048,德勝,OTC
8049,晶采,OTC
8050,廣積,OTC
8054,安國,OTC
8059,凱碩,OTC
8064,東捷,OTC
8066,來思達,OTC
8067,志旭,OTC
8068,全達,OTC
8069,元太,OTC
8070,長華*,Listed
8071,能率網通,OTC
8072,陞泰,Listed
8074,鉅橡,OTC
8076,伍豐,OTC
8077,洛碁,OTC
8080,印鉐,OTC
8081,致新,Listed
8083,瑞穎,OTC
8084,巨虹,OTC
8085,福華,OTC
8086,宏捷科,OTC
8087,華鎂鑫,OTC
8088,品安,OTC
8089,康全電訊,OTC
8091,翔名,OTC
8092,建暐,OTC
8093,保銳,OTC
8096,擎亞,OTC
8097,常珵,OTC
8098,慶康科技,Emerging
8099,大世科,OTC
8101,華冠,Listed
8102,傑霖科技,Emerging
8103,瀚荃,Listed
8104,錸寶,Listed
8105,凌巨,Listed
8107,大億金茂,OTC
8109,博大,OTC
8110,華東,Listed
8111,立碁,OTC
8112,至上,Listed
8114,振樺電,Listed
8119,公信,Emerging
8121,越峰,OTC
8131,福懋科,Listed
8147,正淩,OTC
8150,南茂,Listed
8155,博智,OTC
8162,微矽電子-創,Listed
8163,達方,Listed
8171,天宇,OTC
8176,智捷,OTC
8182,加高,OTC
8183,精星,OTC
8201,無敵,Listed
8210,勤誠,Listed
8213,志超,Listed
8215,明基材,Listed
8222,寶一,Listed
8227,巨有科技,OTC
8234,新漢,OTC
8240,華宏,OTC
8249,菱光,Listed
8255,朋程,OTC
8261,富鼎,Listed
8271,宇瞻,Listed
8272,全景軟體,Emerging
8277,商丞,OTC
8279,生展,OTC
8284,三竹,OTC
8289,泰藝,OTC
8291,尚茂,OTC
8298,威睿,Emerging
8299,群聯,OTC
8329,台視,Emerging
8341,日友,Listed
8342,益張,OTC
8349,恒耀,OTC
8354,冠好,OTC
8358,金居,OTC
8359,錢櫃,Emerging
8367,建新國際,Listed
8374,羅昇,Listed
8383,千附,OTC
8390,金益鼎,OTC
8401,白紗科,OTC
8403,盛弘,OTC
8404,百和興業-KY,Listed
8409,商之器,OTC
8410,森田,OTC
8411,福貞-KY,Listed
8415,大國鋼,OTC
8416,實威,OTC
8420,明揚,OTC
8421,旭源,OTC
8422,可寧衛,Listed
8423,保綠-KY,OTC
8424,惠普,OTC
8426,紅木-KY,OTC
8429,金麗-KY,Listed
8431,匯鑽科,OTC
8432,東生華,OTC
8433,弘帆,OTC
8435,鉅邁,OTC
8436,大江,OTC
8437,大地-KY,OTC
8438,昶昕,Listed
8440,綠電,OTC
8442,威宏-KY,Listed
8443,阿瘦,Listed
8444,綠河-KY,OTC
8446,華研,OTC
8450,霹靂,OTC
8454,富邦媒,Listed
8455,大拓-KY,OTC
8458,影一,Emerging
8462,柏文,Listed
8463,潤泰材,Listed
8464,億豐,Listed
8466,美吉吉-KY,Listed
8467,波力-KY,Listed
8472,夠麻吉,OTC
8473,山林水,Listed
8476,台境,Listed
8477,創業家,OTC
8478,東哥遊艇,Listed
8481,政伸,Listed
8482,商億-KY,Listed
8487,愛爾達-創,Listed
8488,吉源-KY,Listed
8489,三貝德,OTC
8499,鼎炫-KY,Listed
8905,裕國,OTC
8906,花王,OTC
8908,欣雄,OTC
8916,光隆,OTC
8917,欣泰,OTC
8921,沈氏,OTC
8923,時報,OTC
8924,大田,OTC
8926,台汽電,Listed
8927,北基,OTC
8928,鉅明,OTC
8929,富堡,OTC
8930,青鋼,OTC
8931,大汽電,OTC
8932,智通,OTC
8933,愛地雅,OTC
8935,邦泰,OTC
8936,國統,OTC
8937,合騏,OTC
8938,明安,OTC
8940,新天地,Listed
8941,關中,OTC
8942,森鉅,OTC
8996,高力,Listed
9103,美德醫療-DR,Listed
9105,泰金寶-DR,Listed
9110,越南控-DR,Listed
9136,巨騰-DR,Listed
9802,鈺齊-KY,Listed
9902,台火,Listed
9904,寶成,Listed
9905,大華,Listed
9906,欣巴巴,Listed
9907,統一實,Listed
9908,大台北,Listed
9910,豐泰,Listed
9911,櫻花,Listed
9912,偉聯,Listed
9914,美利達,Listed
9917,中保科,Listed
9918,欣天然,Listed
9919,康那香,Listed
9921,巨大,Listed
9924,福興,Listed
9925,新保,Listed
9926,新海,Listed
9927,泰銘,Listed
9928,中視,Listed
9929,秋雨,Listed
9930,中聯資源,Listed
9931,欣高,Listed
9933,中鼎,Listed
9934,成霖,Listed
9935,慶豐富,Listed
9937,全國,Listed
9938,百和,Listed
9939,宏全,Listed
9940,信義,Listed
9941,裕融,Listed
9942,茂順,Listed
9943,好樂迪,Listed
9944,新麗,Listed
9945,潤泰新,Listed
9946,三發地產,Listed
9949,琉園,OTC
9950,萬國通,OTC
9951,皇田,OTC
9955,佳龍,Listed
9957,燁聯,Emerging
9958,世紀鋼,Listed
9960,邁達康,OTC
9962,有益,OTC
